currency_code,total_profit_usd
USD,4616368.789999949
EUR,1534265.5935836784
CAD,983493.5002345452
GBP,861652.0761983761
AUD,586739.0415774804
